{
  "timestamp": "2025-12-26T14:48:42.889930",
  "total_signals": 1172,
  "eqs_v1": {
    "distinct_buckets": 3,
    "min": 0.97,
    "max": 1.0,
    "mean": 0.972064846416382,
    "std": 0.007519009309819824,
    "percentiles": {
      "p01": 0.97,
      "p10": 0.97,
      "p25": 0.97,
      "p50": 0.97,
      "p75": 0.97,
      "p90": 0.97,
      "p99": 1.0
    },
    "p90_p10_spread": 0.0
  },
  "eqs_v2": {
    "distinct_buckets": 20,
    "min": 0.5963889566065333,
    "max": 0.9893558020477817,
    "mean": 0.719971964895173,
    "std": 0.06409407002385797,
    "percentiles": {
      "p01": 0.6174572159921988,
      "p10": 0.6574171136031203,
      "p25": 0.6838356289614822,
      "p50": 0.7092942467089225,
      "p75": 0.7427093490980009,
      "p90": 0.7697549975621647,
      "p99": 0.949273890784983
    },
    "p90_p10_spread": 0.11233788395904443
  },
  "tier_distribution": {
    "C": 1085,
    "A": 56,
    "B": 20,
    "S": 11
  },
  "improvement_metrics": {
    "std_improvement_factor": 8.52427060306351,
    "spread_improvement_factor": 112.33788395904442
  },
  "selectivity": {
    "v1_above_090": 1172,
    "v1_above_090_pct": 100.0,
    "v2_above_090": 51,
    "v2_above_090_pct": 4.351535836177475
  }
}