{
  "batch_id": "BATCH3",
  "directive": "CEO-DIR-2026-FINN-008",
  "run_range": [
    201,
    300
  ],
  "completed_at": "2025-12-31T02:09:55.331834+00:00",
  "results": {
    "valid": 100,
    "error": 0,
    "validity_rate": 1.0,
    "avg_retrieval_discipline": 0.47046627507920635,
    "path_adjustments": 0,
    "total_cost": 0.014403199999999998
  },
  "learning_mode": "ACTIVE",
  "volatility_adaptive": true,
  "improvement_vs_batch2": {
    "batch2_discipline": 0.4545,
    "batch3_discipline": 0.47046627507920635,
    "delta": 0.015966275079206338,
    "percent_improvement": 3.5129318106064544
  }
}